N,P,K,temperature,humidity,ph,rainfall
74.55509957754978,54.78002414001207,55.68974049487025,27.08502715751358,60.5115872057936,6.494121907060953,202.55099577549788
124.9697364524726,54.8797157240154,54.31507254960024,27.790784720165828,59.58928042641398,6.512336393248446,198.50068107787976
